"","CHANGEDNA","PFAM.annot"
"1","1001A>C",NA
"2","100G>A",NA
"3","101T>A",NA
"4","103A>C","Lectin_C"
"5","103G>C",NA
"6","1042A>G",NA
"7","1042C>G","SET; zf-C2H2; zf-C2H2_6; zf-met"
"8","106G>A","zf-C2H2"
"9","107A>C",NA
"10","107C>T",NA
"11","1087T>C","MFS_1; Sugar_tr"
"12","1090G>A","Ald_Xan_dh_C; Ald_Xan_dh_C2"
"13","1093C>A",NA
"14","1102T>C","Kazal_2; MFS_1; OATP"
"15","110G>A",NA
"16","110T>G",NA
"17","1122C>A",NA
"18","1139A>C","CBM_14"
"19","113C>G","ABC1"
"20","1147T>A",NA
"21","1153G>A",NA
"22","115A>T","WD40"
"23","1162T>G","Ldl_recept_b"
"24","116C>A","Lipocalin; Lipocalin_2"
"25","117G>T","AMP-binding"
"26","1183A>G",NA
"27","118G>C",NA
"28","11A>G",NA
"29","1202C>A","Ldl_recept_b"
"30","1212C>G","F-box; F-box-like"
"31","1213T>A","F-box; F-box-like"
"32","1225G>A",NA
"33","1246C>A","MFS_1; Sugar_tr"
"34","1246T>C","p450"
"35","1283A>G","SRP40_C"
"36","1288C>T","SRP40_C"
"37","1297T>G","F-box; F-box-like"
"38","130A>G","GST_C; GST_C_3; GST_N"
"39","131C>T","DUF1794"
"40","1324C>A","Cons_hypoth95; Methyltransf_11; Methyltransf_15; Methyltransf_25; Methyltransf_31; Met_10; UPF0020"
"41","132G>C","ERAP1_C; Peptidase_M1; Peptidase_M1_N"
"42","134C>T","Trypsin"
"43","1355C>T","Hepsin-SRCR; Ldl_recept_a; SRCR_2; Trypsin"
"44","136C>T",NA
"45","1390G>A","Abhydrolase_3; COesterase; Abhydrolase_3; COesterase"
"46","13T>C","SOBP"
"47","1424A>G","MFS_1; Sugar_tr"
"48","142A>G","GST_C; GST_C_3; GST_N"
"49","143G>A",NA
"50","1441G>A","SAM_1; SAM_2"
"51","1452T>G","AAA-ATPase_like"
"52","145G>T",NA
"53","147-1G>A",NA
"54","148A>G",NA
"55","149T>C",NA
"56","1507A>G","AMP-binding; PQQ; PQQ_2; PQQ_3"
"57","1511T>G","AMP-binding; PQQ; PQQ_2; PQQ_3"
"58","1521G>T","PI3_PI4_kinase"
"59","153G>C","UDPGT"
"60","154G>T",NA
"61","16070A>C",NA
"62","1607G>T","I-set; Ig_2; Ig_3; Spectrin; I-set; Ig_2; Ig_3; Spectrin; I-set; Ig_2; Ig_3; Spectrin"
"63","160G>T","RNA_polI_A34"
"64","161C>A",NA
"65","161T>C","APH; DUF1679; EcKinase"
"66","1690A>T","AAA_21; ABC2_membrane; ABC2_membrane_3; ABC_tran"
"67","169A>G",NA
"68","174A>T","DPPIV_N"
"69","17A>G",NA
"70","17A>T",NA
"71","182C>T",NA
"72","184G>A","Trypsin"
"73","185T>A","Dus"
"74","188G>A",NA
"75","19162A>G",NA
"76","1942G>A",NA
"77","1943C>T",NA
"78","199A>G",NA
"79","2003T>C",NA
"80","201A>C","Aldo_ket_red"
"81","2027C>A","THAP"
"82","202G>A","LRR_1; LRR_4; LRR_5; LRR_8"
"83","2036C>T","THAP"
"84","204G>C",NA
"85","209T>C","Trypsin"
"86","2112T>G","Ank; Ank_2; Ank_3; Ank_4; Ank; Ank_2; Ank_3; Ank_4"
"87","215A>G","LRR_5"
"88","217C>T",NA
"89","217G>A",NA
"90","2200G>A","Laminin_B; Laminin_EGF; Laminin_N"
"91","2237T>C","fn3"
"92","225A>C",NA
"93","2290A>G","fn3_4; Transposase_1"
"94","229G>A",NA
"95","230C>T","Aa_trans"
"96","2366C>T","MFS_1; Sugar_tr"
"97","2375A>G","Strumpellin"
"98","237G>A","Trypsin"
"99","23C>T",NA
"100","2404A>G",NA
"101","244A>G","Kdo; Pkinase; Pkinase_fungal; PK_Tyr_Ser-Thr"
"102","2452G>A","RAWUL"
"103","248C>T",NA
"104","249T>G",NA
"105","2503A>G",NA
"106","254G>A","Pacifastin_I"
"107","256A>G","TPP_enzyme_C"
"108","259C>T","PBP_GOBP"
"109","25A>T","CLIP; Trypsin"
"110","262A>G","MADF_DNA_bdg"
"111","262G>A",NA
"112","266A>C",NA
"113","269C>T",NA
"114","271G>A","Aldo_ket_red"
"115","273T>G","Coprogen_oxidas"
"116","283C>A","Haspin_kinase"
"117","283G>A","Aldo_ket_red"
"118","287A>G","zf-C3HC4; zf-RING_2"
"119","291C>G","An_peroxidase"
"120","2923C>T",NA
"121","292C>T","adh_short; adh_short_C2; KR"
"122","293C>A","CBM_14"
"123","293C>T",NA
"124","295T>C","Aldo_ket_red"
"125","2966T>C","fn3_4; Transposase_1"
"126","298T>A","UDPGT"
"127","299A>G",NA
"128","3069A>G",NA
"129","307T>A","Trypsin"
"130","308A>G","zf-C2H2_6"
"131","3238T>C",NA
"132","326G>T","CDC50"
"133","337A>T",NA
"134","337G>A","ALAD"
"135","3422T>A",NA
"136","344T>C",NA
"137","350A>G",NA
"138","352A>T","Lipase"
"139","3559G>A","Smoothelin"
"140","356C>A",NA
"141","356C>T",NA
"142","3584C>T",NA
"143","362C>A","Kinesin; Microtub_bd"
"144","365C>T","C2-set_2"
"145","37A>G",NA
"146","385T>A",NA
"147","38T>C","ECH_1; ECH_2"
"148","391G>A",NA
"149","3920A>G","IQ; Myosin_head; MyTH4"
"150","394A>C","CRAL_TRIO"
"151","394A>G","PRT_C"
"152","398T>C","HTH_psq"
"153","39T>A",NA
"154","3G>A",NA
"155","4037C>T","DNA_pol_A; Helicase_C"
"156","407G>C",NA
"157","409A>G","LIAS_N; Radical_SAM"
"158","414C>G","Seryl_tRNA_N; tRNA-synt_2b"
"159","41G>A",NA
"160","422T>A","APH; DUF1679; EcKinase"
"161","423G>T","Lectin_C"
"162","42C>A",NA
"163","430G>A",NA
"164","439G>A","Trypsin"
"165","440G>A","TPP_enzyme_M; TPP_enzyme_N"
"166","442G>C",NA
"167","451C>A",NA
"168","451G>A","Astacin"
"169","452G>A",NA
"170","452T>C","BACK; MATH"
"171","454T>G","Astacin"
"172","455A>G",NA
"173","460A>C","RNA_polI_A34; RNA_polI_A34"
"174","466T>C",NA
"175","467C>T","zf-C2H2"
"176","46C>T","CDC50; CDC50"
"177","471T>A",NA
"178","472A>G","Kdo; Pkinase; PK_Tyr_Ser-Thr"
"179","476C>T",NA
"180","47C>T",NA
"181","47G>A","Cpn60_TCP1; Cpn60_TCP1"
"182","481G>A","CLIP; Trypsin"
"183","482A>C","Peptidase_M2"
"184","487A>G","Enkurin"
"185","49C>A","zf-MYND"
"186","500C>T","MFS_1; Sugar_tr"
"187","508A>G","Astacin"
"188","511A>G","Aldo_ket_red"
"189","511C>T","COesterase"
"190","514T>G","Cpn60_TCP1; Cpn60_TCP1"
"191","524A>G",NA
"192","529G>A","ABC1"
"193","538T>A",NA
"194","53A>T",NA
"195","53C>T",NA
"196","541C>G","His_Phos_2"
"197","544A>G",NA
"198","545A>G","Pkinase; PK_Tyr_Ser-Thr"
"199","548G>A",NA
"200","548T>G","DEAD_2; DEAD_2"
"201","5572A>G",NA
"202","5648T>C",NA
"203","565G>A","C2-set_2"
"204","571A>G","C2-set_2; MaoC_dehydratas; SCP2"
"205","5726C>T",NA
"206","580A>G","TM231"
"207","589G>T","Dus"
"208","592C>A",NA
"209","599G>C","F-box; F-box-like"
"210","59A>G","GPS2_interact"
"211","5T>A",NA
"212","602T>C",NA
"213","6040T>G",NA
"214","607C>A",NA
"215","609C>G","GCD14; Methyltransf_31"
"216","620A>C","F-box; F-box-like"
"217","620C>A",NA
"218","626C>T","CBM_14"
"219","627A>G","LRR_5"
"220","627A>T","His_Phos_2"
"221","628G>A","GST_C_3; GST_N"
"222","631G>C","Amidase_2"
"223","6320A>C",NA
"224","638C>G",NA
"225","64A>G","Alpha-amylase"
"226","668T>C","MFS_1"
"227","670C>A",NA
"228","674G>A",NA
"229","67C>T",NA
"230","685G>T",NA
"231","688A>C",NA
"232","68T>C",NA
"233","695C>A",NA
"234","70G>A","APH; DUF1679; EcKinase"
"235","719A>T","THAP"
"236","722G>C","DNA_pol_B_exo1"
"237","724G>T","UDPGT"
"238","727C>T","ABC_membrane; ABC_tran"
"239","728C>A","Peptidase_M13"
"240","738A>G","Aldo_ket_red"
"241","7537A>C",NA
"242","7595G>A",NA
"243","760A>G","Chitin_bind_4"
"244","76A>T",NA
"245","782C>G","Dus"
"246","782C>T",NA
"247","7913A>G",NA
"248","799A>G",NA
"249","803A>G","p450"
"250","806A>G","Dus"
"251","80T>G","Arf; MMR_HSR1; Roc; SRPRB"
"252","818C>A",NA
"253","818C>T","PID_2"
"254","828G>A",NA
"255","82A>C","DNA_ligase_A_M"
"256","834T>G","Lipase"
"257","836G>A","Trypsin"
"258","847T>C","BACK; MATH"
"259","854G>A",NA
"260","863A>G",NA
"261","880G>A",NA
"262","88C>T",NA
"263","8C>A",NA
"264","900G>T","BACK; MATH"
"265","917T>C",NA
"266","91A>C","PBP_GOBP"
"267","935G>A",NA
"268","95T>C","MGAT2"
"269","966A>T","FAM177"
"270","983A>G","Trypsin"
"271","984T>G",NA
"272","99A>T",NA
"273","9A>T",NA
